date,promo,sales
2023-01-01,1,188.4
2023-01-02,1,191.3
2023-01-03,1,191.5
2023-01-04,1,187.9
2023-01-05,0,181.1
2023-01-06,0,218.5
2023-01-07,0,223.7
2023-01-08,1,214.5
2023-01-09,1,208.6
2023-01-10,0,201.6
2023-01-11,0,200.9
2023-01-12,1,210.3
2023-01-13,0,237.0
2023-01-14,1,217.8
2023-01-15,0,203.0
2023-01-16,1,204.9
2023-01-17,0,181.4
2023-01-18,1,212.0
2023-01-19,1,194.2
2023-01-20,1,218.5
2023-01-21,1,214.2
2023-01-22,0,200.1
2023-01-23,0,202.0
2023-01-24,1,202.3
2023-01-25,0,215.6
2023-01-26,0,173.5
2023-01-27,0,217.0
2023-01-28,0,215.6
2023-01-29,0,205.8
2023-01-30,1,204.4
2023-01-31,1,201.6
2023-02-01,0,197.8
2023-02-02,1,188.7
2023-02-03,0,227.6
2023-02-04,0,204.4
2023-02-05,1,192.6
2023-02-06,0,198.2
2023-02-07,1,210.8
2023-02-08,0,191.3
2023-02-09,1,193.5
2023-02-10,0,227.6
2023-02-11,1,233.7
2023-02-12,1,202.0
2023-02-13,1,229.6
2023-02-14,1,219.2
2023-02-15,0,206.9
2023-02-16,0,200.9
2023-02-17,1,225.3
2023-02-18,1,224.9
2023-02-19,1,209.3
2023-02-20,0,215.2
2023-02-21,1,211.9
2023-02-22,1,210.2
2023-02-23,0,237.7
2023-02-24,1,243.7
2023-02-25,0,261.0
2023-02-26,0,218.4
2023-02-27,0,197.1
2023-02-28,1,222.7
2023-03-01,0,211.7
2023-03-02,0,197.1
2023-03-03,1,242.3
2023-03-04,1,238.4
2023-03-05,1,221.1
2023-03-06,1,233.4
2023-03-07,1,228.2
2023-03-08,0,221.2
2023-03-09,1,220.2
2023-03-10,1,244.1
2023-03-11,1,235.5
2023-03-12,0,209.2
2023-03-13,1,218.9
2023-03-14,0,220.0
2023-03-15,1,217.8
2023-03-16,0,220.7
2023-03-17,0,246.3
2023-03-18,0,229.9
2023-03-19,1,211.4
2023-03-20,0,216.3
2023-03-21,1,202.9
2023-03-22,1,196.9
2023-03-23,1,188.8
2023-03-24,1,210.2
2023-03-25,0,245.7
2023-03-26,0,212.5
2023-03-27,0,192.9
2023-03-28,0,178.6
2023-03-29,1,193.2
2023-03-30,1,210.3
2023-03-31,0,229.9
2023-04-01,0,215.9
2023-04-02,1,218.7
2023-04-03,1,200.4
2023-04-04,0,178.5
2023-04-05,0,187.1
2023-04-06,0,187.8
2023-04-07,1,215.9
2023-04-08,1,211.9
2023-04-09,1,178.0
2023-04-10,1,186.4
2023-04-11,0,171.8
2023-04-12,0,177.9
2023-04-13,0,176.7
2023-04-14,0,206.3
2023-04-15,0,210.6
2023-04-16,1,178.7
2023-04-17,1,205.6
2023-04-18,1,178.8
2023-04-19,1,179.9
2023-04-20,1,184.9
2023-04-21,0,208.6
2023-04-22,0,219.1
2023-04-23,1,172.8
2023-04-24,0,187.0
2023-04-25,0,197.7
2023-04-26,1,189.0
2023-04-27,0,193.6
2023-04-28,1,194.6
2023-04-29,1,187.8
2023-04-30,1,167.8
2023-05-01,0,178.3
2023-05-02,1,185.2
2023-05-03,1,184.8
2023-05-04,0,156.2
2023-05-05,0,199.4
2023-05-06,0,202.4
2023-05-07,1,168.8
2023-05-08,1,169.3
2023-05-09,1,171.1
2023-05-10,1,177.3
2023-05-11,0,156.1
2023-05-12,0,209.2
2023-05-13,0,198.9
2023-05-14,1,185.7
2023-05-15,1,170.5
2023-05-16,1,159.3
2023-05-17,1,185.5
2023-05-18,1,157.1
2023-05-19,1,192.8
2023-05-20,0,214.6
2023-05-21,0,189.0
2023-05-22,1,167.9
2023-05-23,1,175.9
2023-05-24,0,171.6
2023-05-25,1,179.4
2023-05-26,0,192.5
2023-05-27,1,201.7
2023-05-28,1,185.1
2023-05-29,0,176.9
2023-05-30,1,176.4
2023-05-31,0,193.9
2023-06-01,1,178.6
2023-06-02,0,191.2
2023-06-03,1,200.0
2023-06-04,0,170.8
2023-06-05,0,146.6
2023-06-06,1,148.3
2023-06-07,1,174.0
2023-06-08,1,176.9
2023-06-09,1,195.5
2023-06-10,0,199.9
2023-06-11,0,154.8
2023-06-12,0,148.5
2023-06-13,1,173.4
2023-06-14,0,168.4
2023-06-15,0,157.6
2023-06-16,1,183.8
2023-06-17,1,168.7
2023-06-18,1,137.5
2023-06-19,1,148.8
2023-06-20,0,148.8
2023-06-21,1,148.4
2023-06-22,0,139.9
2023-06-23,1,179.6
2023-06-24,1,180.9
2023-06-25,0,151.9
2023-06-26,0,151.4
2023-06-27,0,164.2
2023-06-28,1,137.7
2023-06-29,0,147.4
2023-06-30,0,180.8
2023-07-01,0,190.2
2023-07-02,0,156.5
2023-07-03,0,144.2
2023-07-04,0,135.5
2023-07-05,1,146.0
2023-07-06,0,153.4
2023-07-07,1,178.5
2023-07-08,1,173.6
2023-07-09,1,147.3
2023-07-10,1,150.3
2023-07-11,1,153.9
2023-07-12,1,155.4
2023-07-13,0,151.5
2023-07-14,0,175.0
2023-07-15,1,163.7
2023-07-16,0,140.9
2023-07-17,1,129.7
2023-07-18,0,135.9
2023-07-19,0,129.8
2023-07-20,0,145.7
2023-07-21,1,172.2
2023-07-22,1,168.4
2023-07-23,0,157.5
2023-07-24,0,137.4
2023-07-25,0,136.0
2023-07-26,1,133.4
2023-07-27,0,131.9
2023-07-28,1,168.5
2023-07-29,0,147.0
2023-07-30,0,149.3
2023-07-31,1,154.2
2023-08-01,0,149.4
2023-08-02,1,142.3
2023-08-03,1,150.4
2023-08-04,1,171.3
2023-08-05,0,179.6
2023-08-06,0,131.3
2023-08-07,1,127.6
2023-08-08,1,138.5
2023-08-09,0,123.2
2023-08-10,0,156.5
2023-08-11,0,163.0
2023-08-12,1,174.9
2023-08-13,0,141.4
2023-08-14,1,126.8
2023-08-15,0,136.5
2023-08-16,1,134.0
2023-08-17,1,115.4
2023-08-18,1,141.9
2023-08-19,1,138.9
2023-08-20,0,130.4
2023-08-21,1,108.9
2023-08-22,1,113.6
2023-08-23,0,117.7
2023-08-24,1,124.4
2023-08-25,1,147.7
2023-08-26,1,164.2
2023-08-27,1,140.0
2023-08-28,0,117.9
2023-08-29,1,144.3
2023-08-30,1,132.5
2023-08-31,1,138.5
2023-09-01,1,162.4
2023-09-02,0,137.3
2023-09-03,0,114.2
2023-09-04,0,127.8
2023-09-05,0,121.5
2023-09-06,0,151.9
2023-09-07,1,126.6
2023-09-08,0,163.2
2023-09-09,1,148.3
2023-09-10,1,145.9
2023-09-11,0,138.8
2023-09-12,0,108.3
2023-09-13,1,122.9
2023-09-14,1,111.7
2023-09-15,0,146.7
2023-09-16,1,110.9
2023-09-17,0,102.3
2023-09-18,0,108.7
2023-09-19,0,98.8
2023-09-20,1,95.4
2023-09-21,1,93.9
2023-09-22,1,132.2
2023-09-23,0,126.5
2023-09-24,1,91.5
2023-09-25,1,97.1
2023-09-26,1,85.9
2023-09-27,0,99.6
2023-09-28,0,105.4
2023-09-29,0,133.7
2023-09-30,1,132.1
2023-10-01,0,95.3
2023-10-02,0,100.7
2023-10-03,0,98.2
2023-10-04,0,102.4
2023-10-05,0,92.2
2023-10-06,0,134.5
2023-10-07,1,121.5
2023-10-08,0,100.9
2023-10-09,1,89.3
2023-10-10,1,93.9
2023-10-11,0,79.7
2023-10-12,1,106.6
2023-10-13,0,125.7
2023-10-14,0,127.5
2023-10-15,1,97.0
2023-10-16,1,86.0
2023-10-17,1,105.4
2023-10-18,1,81.0
2023-10-19,0,97.7
2023-10-20,1,124.4
2023-10-21,0,130.7
2023-10-22,1,92.8
2023-10-23,1,91.8
2023-10-24,0,92.7
2023-10-25,0,87.7
2023-10-26,0,97.0
2023-10-27,1,117.0
2023-10-28,1,130.4
2023-10-29,1,109.5
2023-10-30,1,98.0
2023-10-31,1,90.5
2023-11-01,1,98.0
2023-11-02,1,86.3
2023-11-03,0,107.2
2023-11-04,1,103.1
2023-11-05,1,89.3
2023-11-06,1,78.2
2023-11-07,1,97.8
2023-11-08,1,99.4
2023-11-09,1,86.4
2023-11-10,0,117.5
2023-11-11,0,115.3
2023-11-12,0,90.5
2023-11-13,1,90.3
2023-11-14,1,102.2
2023-11-15,1,94.9
2023-11-16,0,84.8
2023-11-17,1,118.7
2023-11-18,0,106.5
2023-11-19,0,102.6
2023-11-20,1,87.4
2023-11-21,0,102.4
2023-11-22,1,80.2
2023-11-23,1,80.3
2023-11-24,1,127.9
2023-11-25,0,116.0
2023-11-26,1,117.0
2023-11-27,1,105.4
2023-11-28,0,108.6
2023-11-29,0,84.5
2023-11-30,1,102.8
2023-12-01,1,120.5
2023-12-02,1,135.7
2023-12-03,0,101.9
2023-12-04,0,108.7
2023-12-05,0,105.0
2023-12-06,0,96.0
2023-12-07,0,117.6
2023-12-08,0,130.1
2023-12-09,1,129.8
2023-12-10,0,90.3
2023-12-11,0,103.3
2023-12-12,1,97.6
2023-12-13,0,96.5
2023-12-14,1,100.5
2023-12-15,0,121.7
2023-12-16,0,135.2
2023-12-17,0,89.8
2023-12-18,0,101.2
2023-12-19,0,118.9
2023-12-20,0,99.5
2023-12-21,1,89.4
2023-12-22,1,140.9
2023-12-23,0,128.5
2023-12-24,0,96.8
2023-12-25,0,91.5
2023-12-26,1,98.1
2023-12-27,1,94.1
2023-12-28,0,90.2
2023-12-29,1,134.9
2023-12-30,0,133.7
2023-12-31,1,117.1
2024-01-01,1,111.5
2024-01-02,0,115.0
2024-01-03,0,103.5
2024-01-04,1,108.7
2024-01-05,1,141.2
2024-01-06,0,139.4
2024-01-07,1,123.0
2024-01-08,0,121.5
2024-01-09,1,113.4
2024-01-10,0,105.9
2024-01-11,1,116.7
2024-01-12,1,147.8
2024-01-13,1,144.3
2024-01-14,1,112.1
2024-01-15,0,114.1
2024-01-16,1,124.2
2024-01-17,0,127.4
2024-01-18,0,108.5
2024-01-19,0,124.9
2024-01-20,1,135.3
2024-01-21,0,101.6
2024-01-22,1,109.1
2024-01-23,0,108.0
2024-01-24,1,118.5
2024-01-25,0,121.0
2024-01-26,1,154.2
2024-01-27,0,158.1
2024-01-28,0,130.3
2024-01-29,1,121.8
2024-01-30,0,138.7
2024-01-31,1,126.8
2024-02-01,0,118.6
2024-02-02,0,155.6
2024-02-03,0,146.8
2024-02-04,1,144.0
2024-02-05,1,131.6
2024-02-06,1,137.6
2024-02-07,1,119.3
2024-02-08,0,117.2
2024-02-09,1,143.8
2024-02-10,0,141.8
2024-02-11,0,113.4
2024-02-12,1,119.0
2024-02-13,1,111.5
2024-02-14,1,111.9
2024-02-15,0,117.9
2024-02-16,0,133.4
2024-02-17,1,125.8
2024-02-18,0,106.5
2024-02-19,0,112.7
2024-02-20,0,118.4
2024-02-21,0,117.2
2024-02-22,1,108.5
2024-02-23,0,157.1
2024-02-24,0,141.0
2024-02-25,0,126.5
2024-02-26,0,111.3
2024-02-27,1,95.9
2024-02-28,1,114.4
2024-02-29,1,119.7
2024-03-01,0,144.7
2024-03-02,1,139.7
2024-03-03,1,110.8
2024-03-04,0,100.4
2024-03-05,1,99.8
2024-03-06,0,103.3
2024-03-07,0,108.0
2024-03-08,1,129.2
2024-03-09,0,129.4
2024-03-10,0,104.1
2024-03-11,0,96.8
2024-03-12,0,100.2
2024-03-13,0,98.6
2024-03-14,1,96.9
2024-03-15,0,111.3
2024-03-16,0,125.1
2024-03-17,0,112.1
2024-03-18,1,99.6
2024-03-19,1,107.8
2024-03-20,1,106.4
2024-03-21,0,89.4
2024-03-22,0,141.0
2024-03-23,0,131.4
2024-03-24,1,111.9
2024-03-25,0,111.9
2024-03-26,0,111.6
2024-03-27,0,123.8
2024-03-28,0,120.8
2024-03-29,1,131.4
2024-03-30,0,143.1
2024-03-31,0,113.4
2024-04-01,1,129.3
2024-04-02,1,124.9
2024-04-03,1,101.6
2024-04-04,1,110.0
2024-04-05,1,140.3
2024-04-06,0,139.0
2024-04-07,0,124.4
2024-04-08,0,115.4
2024-04-09,0,125.1
2024-04-10,0,123.0
2024-04-11,0,120.4
2024-04-12,0,147.6
2024-04-13,0,127.9
2024-04-14,0,112.6
2024-04-15,1,119.4
2024-04-16,1,98.9
2024-04-17,0,106.2
2024-04-18,0,89.7
2024-04-19,0,143.4
2024-04-20,1,149.7
2024-04-21,0,123.1
2024-04-22,0,127.4
2024-04-23,0,119.0
2024-04-24,1,118.9
2024-04-25,1,123.7
2024-04-26,1,137.5
2024-04-27,0,142.7
2024-04-28,0,97.2
2024-04-29,1,115.3
2024-04-30,0,103.2
2024-05-01,0,96.7
2024-05-02,0,115.8
2024-05-03,1,132.0
2024-05-04,1,137.4
2024-05-05,1,111.6
2024-05-06,1,96.6
2024-05-07,1,120.5
2024-05-08,1,121.6
2024-05-09,0,121.1
2024-05-10,0,141.2
2024-05-11,0,152.9
2024-05-12,1,123.3
2024-05-13,1,113.7
2024-05-14,0,123.9
2024-05-15,1,130.5
2024-05-16,1,116.4
2024-05-17,0,147.0
2024-05-18,1,156.8
2024-05-19,0,138.9
2024-05-20,1,137.8
2024-05-21,0,133.6
2024-05-22,1,136.3
2024-05-23,0,127.9
2024-05-24,1,151.7
2024-05-25,1,163.1
2024-05-26,0,128.5
2024-05-27,0,122.8
2024-05-28,1,130.8
2024-05-29,1,124.1
2024-05-30,0,139.5
2024-05-31,0,153.7
2024-06-01,0,153.1
2024-06-02,1,114.7
2024-06-03,1,105.7
2024-06-04,0,92.3
2024-06-05,0,100.5
2024-06-06,0,116.9
2024-06-07,0,130.4
2024-06-08,1,139.3
2024-06-09,0,116.3
2024-06-10,0,100.0
2024-06-11,0,107.0
2024-06-12,1,102.5
2024-06-13,1,113.8
2024-06-14,1,136.4
2024-06-15,1,117.8
2024-06-16,1,106.8
2024-06-17,1,107.8
2024-06-18,0,97.6
2024-06-19,1,121.0
2024-06-20,0,127.3
2024-06-21,0,134.4
2024-06-22,1,149.5
2024-06-23,1,114.9
2024-06-24,0,127.0
2024-06-25,1,127.4
2024-06-26,0,113.5
2024-06-27,0,113.7
2024-06-28,0,153.4
2024-06-29,1,143.6
2024-06-30,1,127.8
2024-07-01,1,107.7
2024-07-02,0,105.0
2024-07-03,0,124.2
2024-07-04,0,122.7
2024-07-05,0,144.8
2024-07-06,1,131.0
2024-07-07,0,116.5
2024-07-08,0,103.0
2024-07-09,0,107.7
2024-07-10,0,107.3
2024-07-11,0,95.9
2024-07-12,1,106.2
2024-07-13,0,108.3
2024-07-14,0,95.4
2024-07-15,1,83.6
2024-07-16,1,112.3
2024-07-17,1,91.6
2024-07-18,1,91.1
2024-07-19,1,119.7
2024-07-20,0,113.7
2024-07-21,1,103.1
2024-07-22,0,84.0
2024-07-23,1,80.3
2024-07-24,0,98.4
2024-07-25,1,89.2
2024-07-26,0,133.4
2024-07-27,0,128.2
2024-07-28,0,93.9
2024-07-29,1,95.1
2024-07-30,1,86.7
2024-07-31,0,89.2
2024-08-01,1,109.2
2024-08-02,0,118.2
2024-08-03,0,113.7
2024-08-04,1,89.1
2024-08-05,1,94.8
2024-08-06,0,92.7
2024-08-07,1,92.3
2024-08-08,0,95.3
2024-08-09,1,133.6
2024-08-10,1,118.2
2024-08-11,1,98.7
2024-08-12,1,97.0
2024-08-13,1,88.3
2024-08-14,0,91.8
2024-08-15,0,85.9
2024-08-16,1,117.2
2024-08-17,1,118.5
2024-08-18,0,106.0
2024-08-19,0,110.9
2024-08-20,0,113.6
2024-08-21,0,117.1
2024-08-22,0,107.4
2024-08-23,1,148.7
2024-08-24,1,136.3
2024-08-25,0,119.5
2024-08-26,1,121.6
2024-08-27,1,135.3
2024-08-28,1,125.3
2024-08-29,1,123.6
2024-08-30,1,153.1
2024-08-31,0,157.3
2024-09-01,1,113.2
2024-09-02,1,127.6
2024-09-03,0,108.6
2024-09-04,0,126.2
2024-09-05,0,119.9
2024-09-06,0,143.1
2024-09-07,0,144.8
2024-09-08,1,136.8
2024-09-09,0,142.0
2024-09-10,0,120.0
2024-09-11,1,135.8
2024-09-12,0,126.8
2024-09-13,0,164.8
2024-09-14,1,147.7
2024-09-15,0,126.6
2024-09-16,0,111.9
2024-09-17,0,125.1
2024-09-18,1,124.3
2024-09-19,1,125.8
2024-09-20,1,155.9
2024-09-21,1,136.8
2024-09-22,1,112.4
2024-09-23,0,89.5
2024-09-24,0,88.6
2024-09-25,1,82.8
2024-09-26,0,100.8
2024-09-27,1,129.9
2024-09-28,0,133.4
2024-09-29,1,112.1
2024-09-30,0,132.4
2024-10-01,1,132.0
2024-10-02,1,121.9
2024-10-03,0,144.0
2024-10-04,0,171.8
2024-10-05,1,154.8
2024-10-06,1,105.7
2024-10-07,1,116.8
2024-10-08,0,129.6
2024-10-09,0,121.4
2024-10-10,1,108.3
2024-10-11,0,145.4
2024-10-12,0,141.7
2024-10-13,1,126.9
2024-10-14,0,133.2
2024-10-15,1,137.9
2024-10-16,0,123.7
2024-10-17,0,147.4
2024-10-18,1,152.6
2024-10-19,1,169.2
2024-10-20,0,133.5
2024-10-21,0,121.6
2024-10-22,1,113.8
2024-10-23,0,107.3
2024-10-24,0,116.9
2024-10-25,1,141.5
2024-10-26,0,149.5
2024-10-27,0,119.1
2024-10-28,1,127.6
2024-10-29,1,109.2
2024-10-30,0,100.3
2024-10-31,1,113.0
2024-11-01,1,152.8
2024-11-02,0,130.7
2024-11-03,1,109.2
2024-11-04,1,93.8
2024-11-05,1,122.3
2024-11-06,1,103.6
2024-11-07,0,103.5
2024-11-08,0,139.3
2024-11-09,1,146.4
2024-11-10,1,124.7
2024-11-11,1,128.2
2024-11-12,1,125.6
2024-11-13,0,116.5
2024-11-14,1,108.9
2024-11-15,1,138.8
2024-11-16,0,142.6
2024-11-17,0,92.5
2024-11-18,1,113.4
2024-11-19,0,130.9
2024-11-20,1,118.9
2024-11-21,1,105.4
2024-11-22,0,129.0
2024-11-23,1,141.2
2024-11-24,0,114.6
2024-11-25,0,119.3
2024-11-26,0,123.7
2024-11-27,1,110.0
2024-11-28,1,105.4
2024-11-29,0,145.5
2024-11-30,1,144.2
2024-12-01,1,112.4
2024-12-02,1,98.5
2024-12-03,0,123.7
2024-12-04,0,118.6
2024-12-05,0,105.3
2024-12-06,1,140.3
2024-12-07,1,133.8
2024-12-08,0,108.6
2024-12-09,1,114.5
2024-12-10,1,104.1
2024-12-11,1,95.7
2024-12-12,0,95.7
2024-12-13,0,124.5
2024-12-14,0,132.8
2024-12-15,0,99.9
2024-12-16,1,101.4
2024-12-17,0,119.2
2024-12-18,1,111.8
2024-12-19,1,108.6
2024-12-20,1,141.2
2024-12-21,0,127.5
2024-12-22,0,95.4
2024-12-23,0,98.1
2024-12-24,1,81.7
2024-12-25,0,76.7
2024-12-26,1,75.6
2024-12-27,0,113.8
2024-12-28,0,89.4
2024-12-29,0,86.3
2024-12-30,0,90.7
